{
    "loss": 0.4083787500858307,
    "accuracy": 0.817852258682251
}