{
    "loss": 0.26825761795043945,
    "accuracy": 0.8917081952095032
}